dementia,https://health.news/2019-03-15-physical-exercise-reduces-severity-of-alzheimers-symptoms.html
dementia,https://health.news/2019-03-14-toxic-foods-that-may-cause-dementia.html
dementia,https://health.news/2019-03-13-cucumbers-food-cure-for-memory-loss.html
dementia,https://health.news/2019-03-13-eating-eggs-for-breakfast-will-help-boost-brain-functions.html
dementia,https://health.news/2019-03-14-insulin-resistance-may-be-detrimental-to-brain-health.html
dementia,https://health.news/2019-03-14-insulin-resistance-may-be-detrimental-to-brain-health.html
heartattack,https://health.news/2019-03-14-fatty-acids-lower-the-risk-of-premature-death.html
heartattack,https://health.news/2019-03-13-eating-eggs-for-breakfast-will-help-boost-brain-functions.html
menopause,https://health.news/2019-03-15-fenugreek-reduces-menopausal-symptoms.html
stroke,https://health.news/2019-03-14-toxic-foods-that-may-cause-dementia.html
stroke,https://health.news/2019-03-14-high-glycemic-load-linked-to-cerebral-small-vessel-diseases.html
stroke,https://health.news/2019-03-13-clove-buds-reverse-negative-effects-of-binge-drinking.html
stroke,https://health.news/2019-03-12-eating-peanuts-instead-of-junk-food-can-lead-to-better-eating-habits.html
tobacco,https://health.news/2019-03-14-acupuncture-effective-in-helping-people-quit-smoking.html
turmeric,https://health.news/2019-03-14-curcumin-polyphenol-in-turmeric-can-selectively-target-cancer-stem-cells.html
turmeric,https://health.news/2019-03-14-simple-strategies-for-lifelong-brain-health.html
turmeric,https://health.news/2019-03-12-10-superfoods-you-probably-arent-consuming.html
turmeric,https://health.news/2019-03-14-flush-out-toxins-from-your-body-with-the-help-of-these-vegetables.html
turmeric,https://health.news/2019-03-13-use-turmeric-milk-to-fight-against-inflammation.html







