tags,url
cumin,https://www.womenshealthmag.com/weight-loss/a43300638/weight-loss-herbs/
cumin,https://www.womenshealthmag.com/weight-loss/a21289383/black-seed-oil/
dementia,https://www.womenshealthmag.com/health/a46626828/wendy-williams-documentary-health-conditions-updates/
dementia,https://www.womenshealthmag.com/health/higher-magnesium-dose-lowers-dementia-risk-study/
dementia,https://www.womenshealthmag.com/health/a26446700/sauna-vs-steam-room-benefits/
dementia,https://www.womenshealthmag.com/health/a43582040/alzheimers-first-signs-may-appear-in-eyes-study/
dementia,https://www.womenshealthmag.com/food/a36701546/things-you-never-knew-sweet-cherries/
dementia,https://www.womenshealthmag.com/health/a45381895/dr-gabrielle-lyon-forever-strong-book-excerpt/
dementia,https://www.womenshealthmag.com/health/a28172456/alzheimers-facts/
dementia,https://www.womenshealthmag.com/health/a27890958/early-signs-of-alzheimers/
heartattack,https://www.womenshealthmag.com/health/a46628300/women-heart-attack-scad/
heartattack,https://www.womenshealthmag.com/health/intermittent-fasting-heart-attacks-cardiovascular-risk/
heartattack,https://www.womenshealthmag.com/health/heart-attack-scad-lindsey-huie/
heartattack,https://www.womenshealthmag.com/health/heart-attack-symptoms-women/
heartattack,https://www.womenshealthmag.com/health/silent-heart-attack/
heartattack,https://www.womenshealthmag.com/health/a35634828/demi-lovato-drug-overdose/
heartattack,https://www.womenshealthmag.com/health/a46664469/heres-what-every-woman-should-know-about-endometriosis-according-to-an-ob-gyn/
heartattack,https://www.womenshealthmag.com/health/a26446700/sauna-vs-steam-room-benefits/
heartattack,https://www.womenshealthmag.com/health/a36632539/what-is-tiktok-dry-scooping-trend/
heartattack,https://www.womenshealthmag.com/health/a39003295/heart-health-quiz/
heartattack,https://www.womenshealthmag.com/health/a43022504/pain-under-left-breast/
heartattack,https://www.womenshealthmag.com/life/a38484729/who-is-allegra-from-and-just-like-that/
insomnia,https://www.womenshealthmag.com/health/a28564096/selma-blair-ms-insomnia-instagram/
insomnia,https://www.womenshealthmag.com/beauty/a32612406/denise-richards-no-makeup-insomnia-instagram-video/
insomnia,https://www.womenshealthmag.com/health/g27045304/best-sleep-apps/
insomnia,https://www.womenshealthmag.com/health/a40511210/deep-sleep/
insomnia,https://www.womenshealthmag.com/health/a60291591/toxic-black-mold-illness-climate-change/
insomnia,https://www.womenshealthmag.com/health/a40992082/your-guide-to-better-sleep-no-matter-what-your-day-was-like/
insomnia,https://www.womenshealthmag.com/life/a31445573/bedroom-cluttered-solutions/
menopause,https://www.womenshealthmag.com/health/im-not-having-hot-flashes-could-it-still-be-menopause/
menopause,https://www.womenshealthmag.com/health/is-it-pregnancy-or-perimenopause/
menopause,https://www.womenshealthmag.com/health/am-i-in-perimenopause/
menopause,https://www.womenshealthmag.com/health/your-map-through-menopause/
menopause,https://www.womenshealthmag.com/health/7-menopause-misconceptions-that-we-need-to-stop-believing/
stroke,https://www.womenshealthmag.com/health/snoop-dogg-daughter-cori-broadus-stroke/
stroke,https://www.womenshealthmag.com/health/man-crack-neck-stroke/
stroke,https://www.womenshealthmag.com/health/hailey-bieber-mini-stroke-heart-surgery-youtube-video/
stroke,https://www.womenshealthmag.com/health/thrombocytosis-ischemic-stroke-story/
tobacco,https://www.womenshealthmag.com/health/dangers-of-secondhand-vape-aerosol/
tobacco,https://www.womenshealthmag.com/life/a45510529/is-juul-still-in-business/
tobacco,https://www.womenshealthmag.com/health/a18377132/juuling/
turmeric,https://www.womenshealthmag.com/health/turmeric-benefits/
turmeric,https://www.womenshealthmag.com/food/how-to-use-turmeric/
turmeric,https://www.womenshealthmag.com/health/are-wellness-shots-good-for-you/
turmeric,https://www.womenshealthmag.com/beauty/5-next-level-tips-for-targeting-clogged-pores-from-a-dermatologist/
turmeric,https://www.womenshealthmag.com/weight-loss/a19910359/ice-diet/
turmeric,https://www.womenshealthmag.com/health/a46883021/your-self-care-guide-for-axial-spondyloarthritis/
turmeric,https://www.womenshealthmag.com/beauty/a39640694/ranavat-saffron-mask/
measles,https://www.womenshealthmag.com/health/keke-palmer-pcos-acne-no-makeup-instagram/
measles,https://www.womenshealthmag.com/health/a34967740/how-does-the-covid-19-vaccine-work/
inflammation,https://www.womenshealthmag.com/food/a29035596/what-are-nightshades/
inflammation,https://www.womenshealthmag.com/health/a27541696/mel-b-temporarily-blind-eye-inflammation-uveitis-iritis/
inflammation,https://www.womenshealthmag.com/health/a44075613/how-to-improve-gut-health/
inflammation,https://www.womenshealthmag.com/health/a46768082/your-guide-to-axial-spondyloarthritis-treatments/
inflammation,https://www.womenshealthmag.com/health/a27562416/turmeric-benefits/
inflammation,https://www.womenshealthmag.com/health/a46860192/5-ways-to-help-fight-ankylosing-spondylitis-progression/
inflammation,https://www.womenshealthmag.com/food/a27542959/mediterranean-diet-food-list/
inflammation,https://www.womenshealthmag.com/health/a40850827/how-to-get-rid-of-a-stuffy-nose/
inflammation,https://www.womenshealthmag.com/health/a46861057/now-what-how-to-approach-your-mild-or-early-axspa/
inflammation,https://www.womenshealthmag.com/health/a44156570/best-time-to-take-vitamin-d/
inflammation,https://www.womenshealthmag.com/weight-loss/a60188059/bone-broth-diet/
inflammation,https://www.womenshealthmag.com/health/a46883021/your-self-care-guide-for-axial-spondyloarthritis/
inflammation,https://www.womenshealthmag.com/beauty/a43620445/blind-pimple/
inflammation,https://www.womenshealthmag.com/beauty/a25240115/how-to-get-rid-of-hickeys/
inflammation,https://www.womenshealthmag.com/health/a46887502/everything-you-need-to-know-about-axial-spondyloarthritis/
inflammation,https://www.womenshealthmag.com/beauty/a46518993/harklinikken-hair-gain-extract-review/
inflammation,https://www.womenshealthmag.com/health/a60547102/cow-colostrum/
inflammation,https://www.womenshealthmag.com/life/a46752808/5-ways-to-support-your-dogs-dental-health/
inflammation,https://www.womenshealthmag.com/beauty/a60231870/how-to-lighten-undersarms/
vaccination,https://www.womenshealthmag.com/health/kate-middleton-prince-william-covid-19-vaccine/
vaccination,https://www.womenshealthmag.com/health/covid-19-vaccine-breastfeeding-mom/
vaccination,https://www.womenshealthmag.com/health/covid-vaccine-fertility-pregnancy-disinformation-social-media/
vaccination,https://www.womenshealthmag.com/health/which-covid-19-booster-to-get/
vaccination,https://www.womenshealthmag.com/health/jessica-biel-denies-anti-vaccination-california-bill-instagram/
vaccination,https://www.womenshealthmag.com/health/covid-19-vaccine-side-effects/
vaccination,https://www.womenshealthmag.com/health/covid-vaccine-hesitant-azza-gadir/
vaccination,https://www.womenshealthmag.com/health/breast-cancer-vaccine-trial/
vaccination,https://www.womenshealthmag.com/food/panera-free-bagels-vaccinations/
vaccination,https://www.womenshealthmag.com/health/covid-19-vaccine-infertility/
vaccination,https://www.womenshealthmag.com/life/ryan-reynolds-trolled-blake-lively-after-vaccine/
vaccination,https://www.womenshealthmag.com/health/how-does-the-covid-19-vaccine-work/
vaccination,https://www.womenshealthmag.com/health/covid-19-vaccine-nurse/
vaccination,https://www.womenshealthmag.com/health/covid-19-vaccine-pregnant-doctor/
vaccination,https://www.womenshealthmag.com/health/does-covid-19-vaccine-affect-mentstrual-cycles/
vaccination,https://www.womenshealthmag.com/health/vaccination-card-social-media-warning/
vaccination,https://www.womenshealthmag.com/health/frozen-parody-vaccination-holderness-family/
vaccination,https://www.womenshealthmag.com/health/coronavirus-vaccine-trial-participant-essay/
vaccination,https://www.womenshealthmag.com/health/johnson-and-johnson-vaccine-blood-clots-cerebral-venous-sinus-thrombosis/
vaccination,https://www.womenshealthmag.com/health/first-triple-negative-breast-cancer-vaccine-recipient-essay/
vaccination,https://www.womenshealthmag.com/health/covid-vaccine-booster-shot-side-effects/
vaccination,https://www.womenshealthmag.com/health/a37103760/are-olympic-athletes-vaccinated/
vaccination,https://www.womenshealthmag.com/food/a37403228/krispy-kreme-free-heart-donut-vaccines/
vaccination,https://www.womenshealthmag.com/health/melissa-joan-hart-breakthrough-covid-19/
vaccination,https://www.womenshealthmag.com/health/a45447316/flu-shot-timing-when-to-get/
vaccination,https://www.womenshealthmag.com/health/a45840264/what-a-pediatrician-wants-you-to-know-about-certain-hpv-related-cancers/
vaccination,https://www.womenshealthmag.com/health/g39576699/best-vaccine-card-holders/
vaccination,https://www.womenshealthmag.com/health/a31406983/when-will-coronavirus-end/
vaccination,https://www.womenshealthmag.com/health/a28679251/when-to-get-flu-shot/
vaccination,https://www.womenshealthmag.com/health/a18708943/flu-shot-side-effects/
vaccination,https://www.womenshealthmag.com/health/how-long-does-the-flu-shot-last/
vaccination,https://www.womenshealthmag.com/health/flu-shot-pregnancy-safety/
vaccination,https://www.womenshealthmag.com/health/a45470533/a-teen-parents-discussion-guide-about-meningitis/
vaccination,https://www.womenshealthmag.com/health/can-you-get-a-flu-shot-when-sick/
vaccination,https://www.womenshealthmag.com/health/fever-after-flu-shot/
vaccination,https://www.womenshealthmag.com/life/a38426780/prince-harry-letter-princess-diana-world-aids-day/
vaccination,https://www.womenshealthmag.com/health/when-is-flu-season/
vaccination,https://www.womenshealthmag.com/life/a36356510/meghan-markle-prince-harry-archie-2nd-birthday-photo/
vaccination,https://www.womenshealthmag.com/health/a42388905/meningitis-what-you-and-your-teen-need-to-discuss-with-their-doctor/
vaccination,https://www.womenshealthmag.com/health/a30138328/cervical-cancer-facts-quiz/
vaccination,https://www.womenshealthmag.com/health/a37199239/kathy-griffin-lung-cancer/
vaccination,https://www.womenshealthmag.com/health/a30296376/does-emergen-c-work/
transgender,https://www.womenshealthmag.com/life/elliot-page-transgender-announcement/
transgender,https://www.womenshealthmag.com/relationships/transgender-celebrities-list/
transgender,https://www.womenshealthmag.com/life/victoria-secret-first-transgender-model-valentina-sampaio/
transgender,https://www.womenshealthmag.com/life/valentina-sampaio-first-transgender-model-sports-illustrated-swimsuit/
transgender,https://www.womenshealthmag.com/health/transgender-physical-therapy-katie-mcgee/
transgender,https://www.womenshealthmag.com/health/a36807604/transgender-non-binary-abortion/
transgender,https://www.womenshealthmag.com/health/a36355731/gender-dysphoria/
transgender,https://www.womenshealthmag.com/life/a36906904/transgender-pageant-winner-miss-usa-nevada-kataluna-enriquez/
transgender,https://www.womenshealthmag.com/beauty/a32756570/sephora-beauty-insider-reward-points-national-black-justice-coalition-donations/
transgender,https://www.womenshealthmag.com/relationships/a32869775/black-trans-lgbtq-organizations/
transgender,https://www.womenshealthmag.com/sex-and-love/a45953591/gender-identity-sexual-satisfaction/
transgender,https://www.womenshealthmag.com/relationships/a36395721/gender-identity-list/
transgender,https://www.womenshealthmag.com/life/a32770182/iyanna-dior-minnesota-cash-app-donations/
transgender,https://www.womenshealthmag.com/relationships/a30680276/jazz-jennings-boyfriend/
transgender,https://www.womenshealthmag.com/fitness/a40168178/laverne-cox-abs-legs-bikini-birthday-instagram-video-photo/
transgender,https://www.womenshealthmag.com/sex-and-love/a32894469/non-binary-meaning/
transgender,https://www.womenshealthmag.com/life/a38928063/amy-schneider-jeapordy-winning-streak-over-question-stumped-her/
transgender,https://www.womenshealthmag.com/life/a32884162/cant-cancel-pride-performers-adam-lambert/
transgender,https://www.womenshealthmag.com/health/a30878830/jazz-jennings-bikini-video-instagram/
abortion,https://www.womenshealthmag.com/health/is-plan-b-abortion/
abortion,https://www.womenshealthmag.com/health/comstock-act-mifepristone-abortion-pill-scotus-case/
abortion,https://www.womenshealthmag.com/health/what-its-like-to-have-an-abortion-later-in-pregnancy/
abortion,https://www.womenshealthmag.com/health/what-to-know-about-abortion/
abortion,https://www.womenshealthmag.com/health/self-managed-coat-hanger-abortion/
abortion,https://www.womenshealthmag.com/life/abortion-funds-donate/
abortion,https://www.womenshealthmag.com/health/at-home-abortions-movie-tv-depictions/
abortion,https://www.womenshealthmag.com/life/abortion-bans-impact-students-college-decision/
abortion,https://www.womenshealthmag.com/health/state-abortion-bans/
abortion,https://www.womenshealthmag.com/health/you-can-feel-however-you-want-about-your-abortion/
abortion,https://www.womenshealthmag.com/health/transgender-non-binary-abortion/
abortion,https://www.womenshealthmag.com/health/busy-philipps-alabama-abortion-twitter/
abortion,https://www.womenshealthmag.com/life/2022-midterms-abortion-access/
abortion,https://www.womenshealthmag.com/health/abortion-ban-trigger-law-roe-v-wade/
abortion,https://www.womenshealthmag.com/life/democrat-abortion-rights-voting-essay/
abortion,https://www.womenshealthmag.com/health/alyssa-milano-abortions-podcast/
abortion,https://www.womenshealthmag.com/health/abortion-pills-how-medication-abortion-works/
abortion,https://www.womenshealthmag.com/health/abortion-doula-essay/
abortion,https://www.womenshealthmag.com/life/princess-diana-fake-abortion-receipt-prince-charles-affair/
abortion,https://www.womenshealthmag.com/life/a40232015/the-janes-documentary-hbo/
abortion,https://www.womenshealthmag.com/health/a39897208/overturning-roe-v-wade-limited-abortion-access-endangers-marginalized-communities-increases-self-managed-abortions/
abortion,https://www.womenshealthmag.com/health/a45564014/britney-spears-pregnant-abortion-justin-timberlake/
abortion,https://www.womenshealthmag.com/life/a40406096/supreme-court-overturns-roe-v-wade/
abortion,https://www.womenshealthmag.com/health/a39945228/plan-b-ban/
abortion,https://www.womenshealthmag.com/health/g39905890/celebrities-abortion-stories/
abortion,https://www.womenshealthmag.com/life/g40187340/pro-choice-abortion-protest-signs-ideas/
abortion,https://www.womenshealthmag.com/life/a41463443/how-much-of-blonde-is-true-marilyn-monroe/
abortion,https://www.womenshealthmag.com/life/a39893688/overturn-roe-v-wade-meaning/
abortion,https://www.womenshealthmag.com/health/a39892624/supreme-court-overturn-roe-v-wade-draft-opinon/
abortion,https://www.womenshealthmag.com/health/a40410932/should-i-delete-my-period-tracking-app/
abortion,https://www.womenshealthmag.com/health/a40435318/does-roe-v-wade-affect-birth-control/
abortion,https://www.womenshealthmag.com/health/a44179590/plan-b-weight-limit-ella-copper-iud-emergency-contraception-myths/
abortion,https://www.womenshealthmag.com/life/a41447190/marilyn-monroe-children-pregnancies/
abortion,https://www.womenshealthmag.com/life/a45654121/britney-spears-the-woman-in-me-memoir-justin-timberlake/
abortion,https://www.womenshealthmag.com/fitness/a40231197/phoebe-bridgers-butt-instgram-photo/
abortion,https://www.womenshealthmag.com/life/a33586369/kamala-harris-quotes/
abortion,https://www.womenshealthmag.com/health/a46905045/alabama-supreme-court-ruling-frozen-embryo-ivf-patients-questions/
climatechange,https://www.womenshealthmag.com/beauty/climate-change-skin/
climatechange,https://www.womenshealthmag.com/beauty/climate-change-skin/
climatechange,https://www.womenshealthmag.com/life/a38080472/prince-william-shades-jeff-bezos-billionaires-in-space/
climatechange,https://www.womenshealthmag.com/life/prince-charles-joe-biden-queen-disappointed-cop26-quote/
climatechange,https://www.womenshealthmag.com/health/climate-change-heatwaves-preterm-birth-risks/
climatechange,https://www.womenshealthmag.com/life/climate-change-sea-sponges/
climatechange,https://www.womenshealthmag.com/life/wild-ice-skating-accident/
climatechange,https://www.womenshealthmag.com/life/a32266995/jane-fonda-mugshot-jail-squats-tiktok-video/
climatechange,https://www.womenshealthmag.com/health/highest-temperature-a-human-can-survive/
climatechange,https://www.womenshealthmag.com/life/buckignham-palace-queen-elizabeth-health-update-rest/
climatechange,https://www.womenshealthmag.com/style/emma-watson-red-carpet-return-daring-backless-gown/
climatechange,https://www.womenshealthmag.com/food/how-the-next-generation-of-almond-farmers-is-protecting-the-planet/
climatechange,https://www.womenshealthmag.com/life/mikaela-shiffrin-engaged-boyfriend-aleksander-aamodt-kilde/
climatechange,https://www.womenshealthmag.com/life/prince-william-earthshot-prize-book/
climatechange,https://www.womenshealthmag.com/life/how-to-compost/
climatechange,https://www.womenshealthmag.com/food/burger-king-cows-diet-methane-emissions/
climatechange,https://www.womenshealthmag.com/food/4-steps-toward-sustainable-shopping/
climatechange,https://www.womenshealthmag.com/life/prince-charles-prince-george-wood-arboretum-balmoral/
climatechange,https://www.womenshealthmag.com/life/scientists-reincarnating-woolly-mammoth/
climatechange,https://www.womenshealthmag.com/health/steroid-shot-for-allergies/
pandemics,https://www.womenshealthmag.com/health/what-is-a-pandemic-vs-epidemic/
pandemics,https://www.womenshealthmag.com/health/mpox-pandemic-lockdown/
pandemics,https://www.womenshealthmag.com/fitness/pandemic-fitness-transformation/
pandemics,https://www.womenshealthmag.com/food/is-meat-safe-novel-coronavirus-pandemic/
pandemics,https://www.womenshealthmag.com/fitness/addie-bracy-return-to-racing/
pandemics,https://www.womenshealthmag.com/health/gayle-king-weight-gain-coronavirus-pandemic-instagram/
pandemics,https://www.womenshealthmag.com/health/kelsey-darragh-sobriety-during-pandemic/
pandemics,https://www.womenshealthmag.com/health/how-to-hug-during-novel-coronavirus-pandemic/
pandemics,https://www.womenshealthmag.com/health/takeout-food-delivery-novel-coronavirus-pandemic/
pandemics,https://www.womenshealthmag.com/fitness/christie-brinkley-abs-instagram-fitness-routine/
pandemics,https://www.womenshealthmag.com/health/when-will-coronavirus-end/
pandemics,https://www.womenshealthmag.com/fitness/women-only-gyms/
pandemics,https://www.womenshealthmag.com/health/the-year-that-transformed-therapy/
pandemics,https://www.womenshealthmag.com/relationships/relationships-during-covid-pandemic/
pandemics,https://www.womenshealthmag.com/health/is-it-safe-to-go-on-a-walk-during-coronavirus/
pandemics,https://www.womenshealthmag.com/health/antibody-tests-novel-coronavirus/
pandemics,https://www.womenshealthmag.com/health/5-things-affecting-your-mental-health/
pandemics,https://www.womenshealthmag.com/life/prince-harry-and-meghan-markle-coronavirus-statement/
pandemics,https://www.womenshealthmag.com/health/group-christie-tate-virtual-therapy-pandemic/
pandemics,https://www.womenshealthmag.com/life/jessica-alba-family-exercise-business-pandemic/
pandemics,https://www.womenshealthmag.com/life/bath-and-body-works-store-closings/
pandemics,https://www.womenshealthmag.com/fitness/runners-alliance-running-safety-coronavirus/
urine,https://www.womenshealthmag.com/health/causes-of-smelly-urine/
urine,https://www.womenshealthmag.com/health/foamy-urine-causes/
urine,https://www.womenshealthmag.com/health/cloudy-urine-causes/
urine,https://www.womenshealthmag.com/sex-and-love/golden-shower/
urine,https://www.womenshealthmag.com/health/melatonin-dna-repair-study/
urine,https://www.womenshealthmag.com/health/why-is-my-pee-green/
urine,https://www.womenshealthmag.com/health/3-bladder-health-myths-you-need-to-stop-believing/
urine,https://www.womenshealthmag.com/health/tips-for-traveling-with-overactive-bladder-from-people-who-know/
urine,https://www.womenshealthmag.com/sex-and-love/female-ejaculation/
urine,https://www.womenshealthmag.com/life/first-response-pregnancy-test-app/
urine,https://www.womenshealthmag.com/health/uti-symptoms-in-women/
urine,https://www.womenshealthmag.com/health/cheerios-oats-fertility-issues-debunked/
urine,https://www.womenshealthmag.com/sex-and-love/peeing-during-sex/
urine,https://www.womenshealthmag.com/health/urinary-tract-infections-what-not-to-do/
urine,https://www.womenshealthmag.com/health/how-to-make-yourself-pee/
urine,https://www.womenshealthmag.com/health/how-long-does-uti-last/
urine,https://www.womenshealthmag.com/health/uti-vs-yeast-infection/
urine,https://www.womenshealthmag.com/health/when-is-the-best-time-to-take-a-pregnancy-test/
urine,https://www.womenshealthmag.com/health/finding-a-path-to-clear-skin-while-living-with-plaque-psoriasis/
urine,https://www.womenshealthmag.com/health/dr-sandra-lees-journey-with-atopic-dermatitis/
urine,https://www.womenshealthmag.com/health/at-home-hormone-tests/
urine,https://www.womenshealthmag.com/sex-and-love/a36718951/rainbow-kiss-meaning/
urine,https://www.womenshealthmag.com/health/how-much-water-you-should-drink-urologist-explains-rena-malik/
urine,https://www.womenshealthmag.com/sex-and-love/a19971929/make-yourself-squirt/




